{
  "header_style": "header_style_2",
  "header_address_icon": "stm-pin6",
  "header_working_hours_icon": "stm-clock6",
  "header_phone_icon": "stm-phone6",
  "body_font_family": "Open Sans",
  "secondary_font_family": "Montserrat",
  "footer_socials": "facebook,twitter,instagram,youtube",
  "socials": "facebook=%23&twitter=%23&instagram=%23&google-plus=&vimeo=&linkedin=%23&behance=&dribbble=&flickr=&github=&pinterest=&yahoo=&delicious=&dropbox=&reddit=&soundcloud=&google=&skype=&youtube=%23&tumblr=&whatsapp=&odnoklassniki=&vk=",
  "header_socials": "facebook,twitter,instagram",
  "header_phone": "<strong>212 386 5575<\/strong>\n<span>Free call<\/span>",
  "header_address": "1010 Avenue of the Moon\nNew York, NY 10018 US.",
  "header_working_hours": "Mon - Sat 8.00 - 18.00\nSunday CLOSED",
  "footer_copyright": "Copyright \u00a9 2012-2016 Consulting Theme by <a href='http:\/\/stylemixthemes.com\/' target='_blank'>Stylemix Themes<\/a>. All rights reserved",
  "footer_style": "style_2",
  "footer_text": "Fusce interdum ipsum egestas urna amet fringilla, et placerat ex venenatis. Aliquet luctus pharetra. Proin sed fringilla lectus... \nar sit amet tellus in mollis.",
  "top_bar_contact_address_icon": "stm-location-2",
  "top_bar_contact_email_icon": "stm-email",
  "top_bar_contact_phone_icon": "stm-phone6",
  "top_bar_contact_address": "1010 Avenue of the Moon New York, NY 10018 US.",
  "footer_sidebar_count": "4",
  "top_bar_info_1_office": "New York Office",
  "top_bar_info_1_address": "1010 Avenue of the Moon, New York, NY 10018 US.",
  "top_bar_info_1_address_icon": "stm-location-2",
  "top_bar_info_1_hours": "Mon - Sat 8.00 - 18.00. Sunday CLOSED",
  "top_bar_info_1_hours_icon": "stm-clock",
  "top_bar_info_1_phone": "212 386 5575",
  "top_bar_info_1_phone_icon": "stm-phone6",
  "top_bar_info_2_office": "London Office",
  "top_bar_info_2_address": "15 Baker Str., London, HA018 UK.",
  "top_bar_info_2_address_icon": "stm-location-2",
  "top_bar_info_2_hours": "Mon - Sat 8.00 - 18.00. Sunday CLOSED",
  "top_bar_info_2_hours_icon": "stm-clock",
  "top_bar_info_2_phone": "44 382 5555",
  "top_bar_info_2_phone_icon": "stm-phone6",
  "blog_sidebar_type": "vc",
  "blog_wp_sidebar": "0",
  "blog_vc_sidebar": "527"
}