{
  "header_style": "header_style_4",
  "header_address_icon": "stm-pin6",
  "header_working_hours_icon": "stm-clock6",
  "header_phone_icon": "stm-phone6",
  "body_font_family": "Open Sans",
  "secondary_font_family": "Montserrat",
  "footer_socials": "facebook,twitter,instagram,youtube",
  "socials": "facebook=%23&twitter=%23&instagram=%23&google-plus=&vimeo=&linkedin=%23&behance=&dribbble=&flickr=&github=&pinterest=&yahoo=&delicious=&dropbox=&reddit=&soundcloud=&google=&skype=&youtube=%23&tumblr=&whatsapp=&odnoklassniki=&vk=",
  "header_socials": "facebook,twitter,linkedin,youtube",
  "header_phone": "<strong>212 386 5575<\/strong>\n<span>Free call<\/span>",
  "header_address": "1010 Avenue of the Moon\nNew York, NY 10018 US.",
  "header_working_hours": "Mon - Sat 8.00 - 18.00\nSunday CLOSED",
  "footer_copyright": "Copyright \u00a9 2012-2016 Consulting Theme by <a href='http:\/\/stylemixthemes.com\/' target='_blank'>Stylemix Themes<\/a>. All rights reserved",
  "footer_style": "style_2",
  "footer_text": "Fusce interdum ipsum egestas urna amet fringilla, et placerat ex venenatis. Aliquet luctus pharetra. Proin sed fringilla lectus... \nar sit amet tellus in mollis.",
  "blog_sidebar_type": "vc",
  "blog_wp_sidebar": "0",
  "blog_vc_sidebar": "527",
  "top_bar_contact_address_icon": "fa fa-map-marker",
  "top_bar_contact_email_icon": "fa fa-map-marker",
  "top_bar_contact_phone_icon": "fa fa-map-marker"
}