{
  "header_style": "header_style_7",
  "header_address_icon": "stm-pin6",
  "header_working_hours_icon": "stm-clock6",
  "header_phone_icon": "stm-phone6",
  "body_font_family": "Open Sans",
  "secondary_font_family": "Montserrat",
  "footer_socials": "facebook,twitter,instagram",
  "socials": "facebook=%23&twitter=%23&instagram=%23&google-plus=&vimeo=&linkedin=%23&behance=&dribbble=&flickr=&github=&pinterest=&yahoo=&delicious=&dropbox=&reddit=&soundcloud=&google=&skype=&youtube=%23&tumblr=&whatsapp=&odnoklassniki=&vk=",
  "header_socials": "facebook,twitter,instagram",
  "header_phone": "Sales department\n<strong>+321 123 456 7<\/strong>",
  "header_address": "1010 Avenue of the Moon\n<strong>New York, NY 10018 US.<\/strong>",
  "header_working_hours": "Mon - Sat 8.00 - 18.00\n<strong>Sunday CLOSED<\/strong>",
  "footer_copyright": "Copyright \u00a9 2012-2016 Consulting Theme by <a href='http:\/\/stylemixthemes.com\/' target='_blank'>Stylemix Themes<\/a>. All rights reserved",
  "footer_style": "style_1",
  "footer_text": "Fusce interdum ipsum egestas urna amet fringilla, et placerat ex venenatis. Aliquet luctus pharetra. Proin sed fringilla lectus... \nar sit amet tellus in mollis. Proin nec egestas nibh, eget egestas urna. Phasellus sit amet vehicula nunc. In hac habitasse platea dictumst. ",
  "top_bar_contact_address_icon": "fa fa-map-marker",
  "top_bar_contact_email_icon": "fa fa-map-marker",
  "top_bar_contact_phone_icon": "fa fa-map-marker",
  "shop_wp_sidebar": "0",
  "blog_sidebar_type": "vc",
  "blog_wp_sidebar": "0"
}