{"0":false,"top_bar":true,"top_bar_socials":"facebook,twitter,instagram","socials":"facebook=http%3A%2F%2Fwww.facebook.com&twitter=http%3A%2F%2Fwww.twitter.com&instagram=http%3A%2F%2Fwww.instagram.com&google-plus=http%3A%2F%2Fwww.google.com&vimeo=&linkedin=http%3A%2F%2Fwww.linkedin.com&behance=&dribbble=&flickr=&github=&pinterest=&yahoo=&delicious=&dropbox=&reddit=&soundcloud=&google=&skype=&youtube=&tumblr=&whatsapp=&odnoklassniki=&vk=","header_socials":"facebook,twitter,google-plus","header_address":"1020 Avenue of the Moon\nNew York, NY 10018 US.","header_address_icon":"fa fa-map-marker","header_working_hours":"Mon - Sat 9.00 - 18.00\nSunday CLOSED","header_working_hours_icon":"fa fa-clock-o","header_phone":"<strong>212 714 0177<\/strong>\n<span>Free call<\/span>","header_phone_icon":"fa fa-phone","footer_socials":"facebook,twitter,google-plus,linkedin","blog_sidebar_type":"vc","blog_vc_sidebar":"527","blog_sidebar_position":"right","blog_layout":"list","footer_text":"Consulting WP - Before we talk destination, we shine a spotlight across your organization to fully understand its people, processes, and technology.\n\nConsulting WordPress theme \/ Finance WordPress theme \/ Business WordPress theme","footer_copyright":"Copyright \u00a9 2016 Consulting WordPress Theme by <a href=\"http:\/\/stylemixthemes.com\/\" target=\"_blank\">StylemixThemes<\/a>","blog_wp_sidebar":"consulting-right-sidebar","shop_sidebar_position":"right","shop_wp_sidebar":"consulting-shop","footer_sidebar_count":"4","sticky_menu":true}